timestamp,task_id,agent,status,duration_seconds,duration_minutes,output_size,success,error_message
2025-06-09T18:40:29.279841,TEST-INTEGRATION,test_agent,COMPLETED,0.2,0.0,41,True,
2025-06-09T18:40:33.396054,BE-01,backend,COMPLETED,0.0,0.0,150,True,
2025-06-09T18:40:33.446622,TL-01,coordinator,COMPLETED,0.02,0.0,147,True,
2025-06-09T18:40:33.498747,BE-01,documentation,COMPLETED,0.02,0.0,155,True,
2025-06-09T18:40:33.603645,TL-01,technical,COMPLETED,0.02,0.0,151,True,
2025-06-09T18:40:33.688350,BE-07,coordinator,COMPLETED,0.03,0.0,126,True,
2025-06-09T18:40:33.728697,BE-07,technical,COMPLETED,0.02,0.0,170,True,
2025-06-09T18:40:33.764201,BE-07,backend,COMPLETED,0.02,0.0,180,True,
2025-06-09T18:40:33.799457,BE-07,documentation,COMPLETED,0.02,0.0,156,True,
2025-06-09T18:40:34.504367,FE-01,coordinator,COMPLETED,2.62,0.04,155,True,
2025-06-09T18:40:38.232499,FE-01,frontend,FAILED,0.37,0.01,0,False,'Agent' object has no attribute 'run'
2025-06-09T18:40:39.431828,DECORATOR-001,decorated_agent,COMPLETED,0.01,0.0,33,True,
2025-06-09T18:40:41.683318,FE-01,coordinator,COMPLETED,3.0,0.05,155,True,
2025-06-09T18:40:44.867439,FE-01,frontend,FAILED,0.47,0.01,0,False,'Agent' object has no attribute 'run'
2025-06-09T18:40:47.947926,FE-01,coordinator,COMPLETED,2.58,0.04,155,True,
2025-06-09T18:40:51.433574,FE-01,frontend,FAILED,0.32,0.01,0,False,'Agent' object has no attribute 'run'
2025-06-09T18:40:54.882482,FE-01,coordinator,COMPLETED,2.27,0.04,155,True,
2025-06-09T18:40:58.367465,FE-01,frontend,FAILED,0.32,0.01,0,False,'Agent' object has no attribute 'run'
2025-06-09T18:41:00.881197,FE-01,coordinator,COMPLETED,2.15,0.04,155,True,
2025-06-09T18:41:03.983659,FE-01,frontend,FAILED,0.27,0.0,0,False,'Agent' object has no attribute 'run'
2025-06-09T18:41:06.682341,FE-01,coordinator,COMPLETED,2.17,0.04,155,True,
2025-06-09T18:41:09.949023,FE-01,frontend,FAILED,0.33,0.01,0,False,'Agent' object has no attribute 'run'
2025-06-09T18:41:12.638985,FE-01,coordinator,COMPLETED,2.23,0.04,155,True,
2025-06-09T18:41:15.713256,FE-01,frontend,FAILED,0.28,0.0,0,False,'Agent' object has no attribute 'run'
2025-06-09T18:41:19.061767,FE-01,coordinator,COMPLETED,2.69,0.04,155,True,
2025-06-09T18:41:22.631011,FE-01,frontend,FAILED,0.35,0.01,0,False,'Agent' object has no attribute 'run'
2025-06-09T18:41:25.437340,FE-01,coordinator,COMPLETED,2.41,0.04,155,True,
2025-06-09T18:41:28.494576,FE-01,frontend,FAILED,0.4,0.01,0,False,'Agent' object has no attribute 'run'
2025-06-09T18:41:31.465761,FE-01,coordinator,COMPLETED,2.27,0.04,155,True,
2025-06-09T18:41:34.682376,FE-01,frontend,FAILED,0.35,0.01,0,False,'Agent' object has no attribute 'run'
2025-06-09T18:41:37.468296,FE-01,coordinator,COMPLETED,2.33,0.04,155,True,
2025-06-09T18:41:40.299477,FE-01,frontend,FAILED,0.15,0.0,0,False,'Agent' object has no attribute 'run'
2025-06-09T18:41:42.902491,FE-01,coordinator,COMPLETED,2.06,0.03,155,True,
2025-06-09T18:41:45.865947,FE-01,frontend,FAILED,0.23,0.0,0,False,'Agent' object has no attribute 'run'
2025-06-09T18:41:48.200453,FE-01,coordinator,COMPLETED,1.8,0.03,155,True,
2025-06-09T18:41:49.936929,QA-01,coordinator,COMPLETED,0.94,0.02,155,True,
2025-06-09T18:41:49.956979,QA-01,technical,FAILED,0.01,0.0,0,False,Unknown agent identifier: technical
2025-06-09T18:41:51.073966,QA-01,coordinator,COMPLETED,1.1,0.02,155,True,
2025-06-09T18:41:51.079444,QA-01,technical,FAILED,0.0,0.0,0,False,Unknown agent identifier: technical
2025-06-09T18:41:51.953909,QA-01,coordinator,COMPLETED,0.87,0.01,155,True,
2025-06-09T18:41:51.972486,QA-01,technical,FAILED,0.01,0.0,0,False,Unknown agent identifier: technical
2025-06-09T18:41:53.075235,QA-01,coordinator,COMPLETED,1.09,0.02,155,True,
2025-06-09T18:41:53.085232,QA-01,technical,FAILED,0.0,0.0,0,False,Unknown agent identifier: technical
2025-06-09T18:41:54.204092,QA-01,coordinator,COMPLETED,1.11,0.02,155,True,
2025-06-09T18:41:54.222681,QA-01,technical,FAILED,0.01,0.0,0,False,Unknown agent identifier: technical
2025-06-09T18:41:55.162848,QA-01,coordinator,COMPLETED,0.93,0.02,155,True,
2025-06-09T18:41:55.174543,QA-01,technical,FAILED,0.0,0.0,0,False,Unknown agent identifier: technical
2025-06-09T18:41:56.053250,QA-01,coordinator,COMPLETED,0.87,0.01,155,True,
2025-06-09T18:41:56.060146,QA-01,technical,FAILED,0.0,0.0,0,False,Unknown agent identifier: technical
2025-06-09T18:41:56.892797,QA-01,coordinator,COMPLETED,0.83,0.01,155,True,
2025-06-09T18:41:56.912657,QA-01,technical,FAILED,0.01,0.0,0,False,Unknown agent identifier: technical
2025-06-09T18:41:57.839232,QA-01,coordinator,COMPLETED,0.91,0.02,155,True,
2025-06-09T18:41:57.844519,QA-01,technical,FAILED,0.0,0.0,0,False,Unknown agent identifier: technical
2025-06-09T18:41:58.840980,QA-01,coordinator,COMPLETED,0.99,0.02,155,True,
2025-06-09T18:41:58.846027,QA-01,technical,FAILED,0.0,0.0,0,False,Unknown agent identifier: technical
2025-06-09T18:41:59.778506,QA-01,coordinator,COMPLETED,0.93,0.02,155,True,
2025-06-09T18:41:59.798163,QA-01,technical,FAILED,0.01,0.0,0,False,Unknown agent identifier: technical
2025-06-09T18:42:00.709448,QA-01,coordinator,COMPLETED,0.9,0.01,155,True,
2025-06-09T18:42:00.715410,QA-01,technical,FAILED,0.0,0.0,0,False,Unknown agent identifier: technical
2025-06-09T18:42:01.566127,QA-01,coordinator,COMPLETED,0.85,0.01,155,True,
2025-06-09T19:33:18.834066,TEST-INTEGRATION,test_agent,COMPLETED,0.21,0.0,41,True,
2025-06-09T19:33:25.176639,BE-01,backend,COMPLETED,0.01,0.0,150,True,
2025-06-09T19:33:25.259320,TL-01,coordinator,COMPLETED,0.03,0.0,147,True,
2025-06-09T19:33:25.341841,BE-01,documentation,COMPLETED,0.03,0.0,155,True,
2025-06-09T19:33:25.560470,TL-01,technical,COMPLETED,0.03,0.0,151,True,
2025-06-09T19:33:25.659557,BE-07,coordinator,COMPLETED,0.03,0.0,126,True,
2025-06-09T19:33:25.588460,FE-01,coordinator,COMPLETED,2.68,0.04,155,True,
2025-06-09T19:33:25.720801,BE-07,technical,COMPLETED,0.03,0.0,170,True,
2025-06-09T19:33:25.774991,BE-07,backend,COMPLETED,0.02,0.0,180,True,
2025-06-09T19:33:25.831583,BE-07,documentation,COMPLETED,0.03,0.0,156,True,
2025-06-09T19:33:30.055963,DECORATOR-001,decorated_agent,COMPLETED,0.01,0.0,33,True,
2025-06-09T19:33:30.370823,FE-01,frontend,FAILED,0.26,0.0,0,False,'Agent' object has no attribute 'run'
2025-06-09T19:33:33.969007,FE-01,coordinator,COMPLETED,3.11,0.05,155,True,
2025-06-09T19:33:37.516860,FE-01,frontend,FAILED,0.33,0.01,0,False,'Agent' object has no attribute 'run'
2025-06-09T19:33:41.304949,FE-01,coordinator,COMPLETED,2.87,0.05,155,True,
2025-06-09T19:33:45.299563,FE-01,frontend,FAILED,0.32,0.01,0,False,'Agent' object has no attribute 'run'
2025-06-09T19:33:48.770419,FE-01,coordinator,COMPLETED,2.88,0.05,155,True,
2025-06-09T19:33:52.958143,FE-01,frontend,FAILED,0.26,0.0,0,False,'Agent' object has no attribute 'run'
2025-06-09T19:33:56.353478,FE-01,coordinator,COMPLETED,2.8,0.05,155,True,
2025-06-09T19:34:00.029486,FE-01,frontend,FAILED,0.35,0.01,0,False,'Agent' object has no attribute 'run'
2025-06-09T19:34:03.279475,FE-01,coordinator,COMPLETED,2.55,0.04,155,True,
2025-06-09T19:34:07.329507,FE-01,frontend,FAILED,0.34,0.01,0,False,'Agent' object has no attribute 'run'
2025-06-09T19:34:10.968644,FE-01,coordinator,COMPLETED,3.1,0.05,155,True,
2025-06-09T19:34:15.266749,FE-01,frontend,FAILED,0.35,0.01,0,False,'Agent' object has no attribute 'run'
2025-06-09T19:34:18.987130,FE-01,coordinator,COMPLETED,3.28,0.05,155,True,
2025-06-09T19:34:23.603464,FE-01,frontend,FAILED,0.58,0.01,0,False,'Agent' object has no attribute 'run'
2025-06-09T19:34:26.383607,FE-01,coordinator,COMPLETED,2.28,0.04,155,True,
2025-06-09T19:34:30.301956,FE-01,frontend,FAILED,0.45,0.01,0,False,'Agent' object has no attribute 'run'
2025-06-09T19:34:33.403946,FE-01,coordinator,COMPLETED,2.37,0.04,155,True,
2025-06-09T19:34:37.417797,FE-01,frontend,FAILED,0.48,0.01,0,False,'Agent' object has no attribute 'run'
2025-06-09T19:34:40.836216,FE-01,coordinator,COMPLETED,2.58,0.04,155,True,
2025-06-09T19:34:45.054549,FE-01,frontend,FAILED,0.39,0.01,0,False,'Agent' object has no attribute 'run'
2025-06-09T19:34:48.470184,FE-01,coordinator,COMPLETED,2.75,0.05,155,True,
2025-06-09T19:34:52.250037,FE-01,frontend,FAILED,0.5,0.01,0,False,'Agent' object has no attribute 'run'
2025-06-09T19:34:55.682816,FE-01,coordinator,COMPLETED,2.83,0.05,155,True,
2025-06-09T19:34:57.529613,QA-01,coordinator,COMPLETED,0.89,0.01,155,True,
2025-06-09T19:34:57.557867,QA-01,technical,FAILED,0.02,0.0,0,False,Unknown agent identifier: technical
2025-06-09T19:34:58.480473,QA-01,coordinator,COMPLETED,0.9,0.02,155,True,
2025-06-09T19:34:58.490130,QA-01,technical,FAILED,0.0,0.0,0,False,Unknown agent identifier: technical
2025-06-09T19:34:59.413785,QA-01,coordinator,COMPLETED,0.92,0.02,155,True,
2025-06-09T19:34:59.423748,QA-01,technical,FAILED,0.0,0.0,0,False,Unknown agent identifier: technical
2025-06-09T19:35:00.629493,QA-01,coordinator,COMPLETED,1.2,0.02,155,True,
2025-06-09T19:35:00.667943,QA-01,technical,FAILED,0.02,0.0,0,False,Unknown agent identifier: technical
2025-06-09T19:35:01.805819,QA-01,coordinator,COMPLETED,1.11,0.02,155,True,
2025-06-09T19:35:01.814323,QA-01,technical,FAILED,0.0,0.0,0,False,Unknown agent identifier: technical
2025-06-09T19:35:02.851263,QA-01,coordinator,COMPLETED,1.03,0.02,155,True,
2025-06-09T19:35:02.883606,QA-01,technical,FAILED,0.02,0.0,0,False,Unknown agent identifier: technical
2025-06-09T19:35:04.398167,QA-01,coordinator,COMPLETED,1.48,0.02,155,True,
2025-06-09T19:35:04.411158,QA-01,technical,FAILED,0.0,0.0,0,False,Unknown agent identifier: technical
2025-06-09T19:35:05.872450,QA-01,coordinator,COMPLETED,1.45,0.02,155,True,
2025-06-09T19:35:05.909919,QA-01,technical,FAILED,0.02,0.0,0,False,Unknown agent identifier: technical
2025-06-09T19:35:07.215101,QA-01,coordinator,COMPLETED,1.28,0.02,155,True,
2025-06-09T19:35:07.229881,QA-01,technical,FAILED,0.0,0.0,0,False,Unknown agent identifier: technical
2025-06-09T19:35:08.561811,QA-01,coordinator,COMPLETED,1.32,0.02,155,True,
2025-06-09T19:35:08.593145,QA-01,technical,FAILED,0.02,0.0,0,False,Unknown agent identifier: technical
2025-06-09T19:35:10.114657,QA-01,coordinator,COMPLETED,1.5,0.02,155,True,
2025-06-09T19:35:10.137463,QA-01,technical,FAILED,0.0,0.0,0,False,Unknown agent identifier: technical
2025-06-09T19:35:11.534909,QA-01,coordinator,COMPLETED,1.38,0.02,155,True,
2025-06-09T19:35:11.571550,QA-01,technical,FAILED,0.02,0.0,0,False,Unknown agent identifier: technical
2025-06-09T19:35:12.744082,QA-01,coordinator,COMPLETED,1.15,0.02,155,True,
2025-06-09T20:33:04.333856,TEST-INTEGRATION,test_agent,COMPLETED,0.23,0.0,41,True,
2025-06-09T20:33:09.209569,FE-01,coordinator,COMPLETED,2.58,0.04,155,True,
2025-06-09T20:33:10.301779,BE-01,backend,COMPLETED,0.01,0.0,150,True,
2025-06-09T20:33:10.399215,TL-01,coordinator,COMPLETED,0.03,0.0,147,True,
2025-06-09T20:33:10.537905,BE-01,documentation,COMPLETED,0.05,0.0,155,True,
2025-06-09T20:33:10.921179,TL-01,technical,COMPLETED,0.13,0.0,151,True,
2025-06-09T20:33:11.065589,BE-07,coordinator,COMPLETED,0.05,0.0,126,True,
2025-06-09T20:33:11.180512,BE-07,technical,COMPLETED,0.09,0.0,170,True,
2025-06-09T20:33:11.365236,BE-07,backend,COMPLETED,0.15,0.0,180,True,
2025-06-09T20:33:11.470470,BE-07,documentation,COMPLETED,0.07,0.0,156,True,
2025-06-09T20:33:14.131055,FE-01,frontend,FAILED,0.31,0.01,0,False,'Agent' object has no attribute 'run'
2025-06-09T20:33:17.927691,FE-01,coordinator,COMPLETED,3.22,0.05,155,True,
2025-06-09T20:33:18.384009,DECORATOR-001,decorated_agent,COMPLETED,0.01,0.0,33,True,
2025-06-09T20:33:22.255294,FE-01,frontend,FAILED,0.18,0.0,0,False,'Agent' object has no attribute 'run'
2025-06-09T20:33:25.984214,FE-01,coordinator,COMPLETED,3.14,0.05,155,True,
2025-06-09T20:33:29.621347,FE-01,frontend,FAILED,0.37,0.01,0,False,'Agent' object has no attribute 'run'
2025-06-09T20:33:32.821871,FE-01,coordinator,COMPLETED,2.5,0.04,155,True,
2025-06-09T20:33:36.636531,FE-01,frontend,FAILED,0.3,0.01,0,False,'Agent' object has no attribute 'run'
2025-06-09T20:33:39.646127,FE-01,coordinator,COMPLETED,2.45,0.04,155,True,
2025-06-09T20:33:43.424411,FE-01,frontend,FAILED,0.23,0.0,0,False,'Agent' object has no attribute 'run'
2025-06-09T20:33:46.355184,FE-01,coordinator,COMPLETED,2.4,0.04,155,True,
2025-06-09T20:33:50.021972,FE-01,frontend,FAILED,0.35,0.01,0,False,'Agent' object has no attribute 'run'
2025-06-09T20:33:53.488576,FE-01,coordinator,COMPLETED,2.66,0.04,155,True,
2025-06-09T20:33:56.965196,FE-01,frontend,FAILED,0.47,0.01,0,False,'Agent' object has no attribute 'run'
2025-06-09T20:34:00.139549,FE-01,coordinator,COMPLETED,2.42,0.04,155,True,
2025-06-09T20:34:03.826385,FE-01,frontend,FAILED,0.35,0.01,0,False,'Agent' object has no attribute 'run'
2025-06-09T20:34:06.937769,FE-01,coordinator,COMPLETED,2.32,0.04,155,True,
2025-06-09T20:34:10.438310,FE-01,frontend,FAILED,0.41,0.01,0,False,'Agent' object has no attribute 'run'
2025-06-09T20:34:13.352857,FE-01,coordinator,COMPLETED,2.36,0.04,155,True,
2025-06-09T20:34:16.888568,FE-01,frontend,FAILED,0.37,0.01,0,False,'Agent' object has no attribute 'run'
2025-06-09T20:34:20.494437,FE-01,coordinator,COMPLETED,2.96,0.05,155,True,
2025-06-09T20:34:23.888633,FE-01,frontend,FAILED,0.4,0.01,0,False,'Agent' object has no attribute 'run'
2025-06-09T20:34:27.278239,FE-01,coordinator,COMPLETED,2.48,0.04,155,True,
2025-06-09T20:34:31.574832,FE-01,frontend,FAILED,0.42,0.01,0,False,'Agent' object has no attribute 'run'
2025-06-09T20:34:34.704934,FE-01,coordinator,COMPLETED,2.37,0.04,155,True,
2025-06-09T20:34:36.716657,QA-01,coordinator,COMPLETED,0.92,0.02,155,True,
2025-06-09T20:34:36.735468,QA-01,technical,FAILED,0.01,0.0,0,False,Unknown agent identifier: technical
2025-06-09T20:34:37.688252,QA-01,coordinator,COMPLETED,0.94,0.02,155,True,
2025-06-09T20:34:37.695293,QA-01,technical,FAILED,0.0,0.0,0,False,Unknown agent identifier: technical
2025-06-09T20:34:38.511249,QA-01,coordinator,COMPLETED,0.81,0.01,155,True,
2025-06-09T20:34:38.516395,QA-01,technical,FAILED,0.0,0.0,0,False,Unknown agent identifier: technical
2025-06-09T20:34:39.410926,QA-01,coordinator,COMPLETED,0.89,0.01,155,True,
2025-06-09T20:34:39.430016,QA-01,technical,FAILED,0.01,0.0,0,False,Unknown agent identifier: technical
2025-06-09T20:34:40.266688,QA-01,coordinator,COMPLETED,0.82,0.01,155,True,
2025-06-09T20:34:40.271686,QA-01,technical,FAILED,0.0,0.0,0,False,Unknown agent identifier: technical
2025-06-09T20:34:41.101914,QA-01,coordinator,COMPLETED,0.83,0.01,155,True,
2025-06-09T20:34:41.108951,QA-01,technical,FAILED,0.0,0.0,0,False,Unknown agent identifier: technical
2025-06-09T20:34:42.000930,QA-01,coordinator,COMPLETED,0.89,0.01,155,True,
2025-06-09T20:34:42.019014,QA-01,technical,FAILED,0.01,0.0,0,False,Unknown agent identifier: technical
2025-06-09T20:34:42.856912,QA-01,coordinator,COMPLETED,0.82,0.01,155,True,
2025-06-09T20:34:42.862913,QA-01,technical,FAILED,0.0,0.0,0,False,Unknown agent identifier: technical
2025-06-09T20:34:43.791521,QA-01,coordinator,COMPLETED,0.92,0.02,155,True,
2025-06-09T20:34:43.799102,QA-01,technical,FAILED,0.0,0.0,0,False,Unknown agent identifier: technical
2025-06-09T20:34:44.809984,QA-01,coordinator,COMPLETED,1.01,0.02,155,True,
2025-06-09T20:34:44.835016,QA-01,technical,FAILED,0.02,0.0,0,False,Unknown agent identifier: technical
2025-06-09T20:34:45.915545,QA-01,coordinator,COMPLETED,1.06,0.02,155,True,
2025-06-09T20:34:45.923552,QA-01,technical,FAILED,0.0,0.0,0,False,Unknown agent identifier: technical
2025-06-09T20:34:46.991029,QA-01,coordinator,COMPLETED,1.06,0.02,155,True,
2025-06-09T20:34:47.016770,QA-01,technical,FAILED,0.02,0.0,0,False,Unknown agent identifier: technical
2025-06-09T20:34:47.954237,QA-01,coordinator,COMPLETED,0.92,0.02,155,True,
